,CTL,FTR,LVLT,T,VZ
CTL,1.0,-0.00960975826731,-0.171880473167,-0.0159091780203,0.102427044254
FTR,-0.00960975826731,1.0,0.0460123205475,0.0317161899367,0.0614066758241
LVLT,-0.171880473167,0.0460123205475,1.0,0.0280445782083,0.113646516036
T,-0.0159091780203,0.0317161899367,0.0280445782083,1.0,0.0823451122843
VZ,0.102427044254,0.0614066758241,0.113646516036,0.0823451122843,1.0
